Title,Area,Link,DirectLink
"Reading, Writing, and Proving",Behavioral Mathematics and Statistics,doi.org/10.1007/978-1-4419-9479-0,https://link.springer.com/content/pdf/10.1007%2F978-1-4419-9479-0
Social Anxiety and Social Phobia in Youth,Behavioral Science,doi.org/10.1007/b99417,https://link.springer.com/content/pdf/10.1007%2Fb99417
Clinical Neuroanatomy,Behavioral Science,doi.org/10.1007/978-0-387-36601-2,https://link.springer.com/content/pdf/10.1007%2F978-0-387-36601-2
Acquired Brain Injury,Behavioral Science,doi.org/10.1007/978-0-387-37575-5,https://link.springer.com/content/pdf/10.1007%2F978-0-387-37575-5
"Psychology, Religion, and Spirituality",Behavioral Science,doi.org/10.1007/978-0-387-87573-6,https://link.springer.com/content/pdf/10.1007%2F978-0-387-87573-6
Child Neuropsychology,Behavioral Science,doi.org/10.1007/978-0-387-88963-4,https://link.springer.com/content/pdf/10.1007%2F978-0-387-88963-4
Clinical Assessment of Child and Adolescent Personality and Behavior,Behavioral Science,doi.org/10.1007/978-1-4419-0641-0,https://link.springer.com/content/pdf/10.1007%2F978-1-4419-0641-0
A Clinical Guide to the Treatment of the Human Stress Response,Behavioral Science,doi.org/10.1007/978-1-4614-5538-7,https://link.springer.com/content/pdf/10.1007%2F978-1-4614-5538-7
The Psychology of Social Status,Behavioral Science,doi.org/10.1007/978-1-4939-0867-7,https://link.springer.com/content/pdf/10.1007%2F978-1-4939-0867-7
Psychoeducational Assessment and Report Writing,Behavioral Science,doi.org/10.1007/978-1-4939-1911-6,https://link.springer.com/content/pdf/10.1007%2F978-1-4939-1911-6
Evidence-Based Interventions for Children with Challenging Behavior,Behavioral Science,doi.org/10.1007/978-1-4614-7807-2,https://link.springer.com/content/pdf/10.1007%2F978-1-4614-7807-2
MATLAB for Psychologists,Behavioral Science,doi.org/10.1007/978-1-4614-2197-9,https://link.springer.com/content/pdf/10.1007%2F978-1-4614-2197-9
Motivation and Action,Behavioral Science and Psychology,doi.org/10.1007/978-3-319-65094-4,https://link.springer.com/content/pdf/10.1007%2F978-3-319-65094-4
International Perspectives on Psychotherapy,Behavioral Science and Psychology,doi.org/10.1007/978-3-319-56194-3,https://link.springer.com/content/pdf/10.1007%2F978-3-319-56194-3
Psychology of Perception,Behavioral Science and Psychology,doi.org/10.1007/978-3-319-31791-5,https://link.springer.com/content/pdf/10.1007%2F978-3-319-31791-5
Handbook of Consumer Finance Research,Behavioral Science and Psychology,doi.org/10.1007/978-3-319-28887-1,https://link.springer.com/content/pdf/10.1007%2F978-3-319-28887-1
Clinical Methods in Medical Family Therapy,Behavioral Science and Psychology,doi.org/10.1007/978-3-319-68834-3,https://link.springer.com/content/pdf/10.1007%2F978-3-319-68834-3
Perceptual Organization,Behavioral Science and Psychology,doi.org/10.1007/978-3-319-96337-2,https://link.springer.com/content/pdf/10.1007%2F978-3-319-96337-2
Evidence-Based Practice in Clinical Social Work,Behavioral Science and Psychology,doi.org/10.1007/978-3-030-15224-6,https://link.springer.com/content/pdf/10.1007%2F978-3-030-15224-6
Foundations of Behavioral Health,Behavioral Science and Psychology,doi.org/10.1007/978-3-030-18435-3,https://link.springer.com/content/pdf/10.1007%2F978-3-030-18435-3
Social Psychology in Action,Behavioral Science and Psychology,doi.org/10.1007/978-3-030-13788-5,https://link.springer.com/content/pdf/10.1007%2F978-3-030-13788-5
Developmental Neurobiology,Biomedical and Life Sciences,doi.org/10.1007/0-387-28117-7,https://link.springer.com/content/pdf/10.1007%2F0-387-28117-7
Handbook of Biological Confocal Microscopy,Biomedical and Life Sciences,doi.org/10.1007/978-0-387-45524-2,https://link.springer.com/content/pdf/10.1007%2F978-0-387-45524-2
Fundamentals of Biomechanics,Biomedical and Life Sciences,doi.org/10.1007/978-0-387-49312-1,https://link.springer.com/content/pdf/10.1007%2F978-0-387-49312-1
Plant Physiological Ecology,Biomedical and Life Sciences,doi.org/10.1007/978-0-387-78341-3,https://link.springer.com/content/pdf/10.1007%2F978-0-387-78341-3
The Joy of Science,Biomedical and Life Sciences,doi.org/10.1007/978-1-4020-6099-1,https://link.springer.com/content/pdf/10.1007%2F978-1-4020-6099-1
Metabolism of Human Diseases,Biomedical and Life Sciences,doi.org/10.1007/978-3-7091-0715-7,https://link.springer.com/content/pdf/10.1007%2F978-3-7091-0715-7
Integrative Human Biochemistry,Biomedical and Life Sciences,doi.org/10.1007/978-1-4939-3058-6,https://link.springer.com/content/pdf/10.1007%2F978-1-4939-3058-6
Integrated Neuroscience,Biomedical and Life Sciences,doi.org/10.1007/978-1-4615-1077-2,https://link.springer.com/content/pdf/10.1007%2F978-1-4615-1077-2
Fundamentals of Biomechanics,Biomedical and Life Sciences,doi.org/10.1007/978-3-319-44738-4,https://link.springer.com/content/pdf/10.1007%2F978-3-319-44738-4
Human Chromosomes,Biomedical and Life Sciences,doi.org/10.1007/978-1-4613-0139-4,https://link.springer.com/content/pdf/10.1007%2F978-1-4613-0139-4
Phylogenomics,Biomedical and Life Sciences,doi.org/10.1007/978-3-319-54064-1,https://link.springer.com/content/pdf/10.1007%2F978-3-319-54064-1
Principles of Terrestrial Ecosystem Ecology,Biomedical and Life Sciences,doi.org/10.1007/978-1-4419-9504-9,https://link.springer.com/content/pdf/10.1007%2F978-1-4419-9504-9
Learning Landscape Ecology,Biomedical and Life Sciences,doi.org/10.1007/978-1-4939-6374-4,https://link.springer.com/content/pdf/10.1007%2F978-1-4939-6374-4
Epidemiological Research: Terms and Concepts,Biomedical and Life Sciences,doi.org/10.1007/978-94-007-1171-6,https://link.springer.com/content/pdf/10.1007%2F978-94-007-1171-6
Statistical Analysis of Clinical Data on a Pocket Calculator,Biomedical and Life Sciences,doi.org/10.1007/978-94-007-1211-9,https://link.springer.com/content/pdf/10.1007%2F978-94-007-1211-9
Clinical Data Analysis on a Pocket Calculator,Biomedical and Life Sciences,doi.org/10.1007/978-3-319-27104-0,https://link.springer.com/content/pdf/10.1007%2F978-3-319-27104-0
Essentials of Cerebellum and Cerebellar Disorders,Biomedical and Life Sciences,doi.org/10.1007/978-3-319-24551-5,https://link.springer.com/content/pdf/10.1007%2F978-3-319-24551-5
"Handbook of Cardiac Anatomy, Physiology, and Devices",Biomedical and Life Sciences,doi.org/10.1007/978-3-319-19464-6,https://link.springer.com/content/pdf/10.1007%2F978-3-319-19464-6
The Gastrointestinal System,Biomedical and Life Sciences,doi.org/10.1007/978-94-017-8771-0,https://link.springer.com/content/pdf/10.1007%2F978-94-017-8771-0
SPSS for Starters and 2nd Levelers,Biomedical and Life Sciences,doi.org/10.1007/978-3-319-20600-4,https://link.springer.com/content/pdf/10.1007%2F978-3-319-20600-4
Machine Learning in Medicine - a Complete Overview,Biomedical and Life Sciences,doi.org/10.1007/978-3-319-15195-3,https://link.springer.com/content/pdf/10.1007%2F978-3-319-15195-3
Pharmaceutical Biotechnology,Biomedical and Life Sciences,doi.org/10.1007/978-1-4614-6486-0,https://link.springer.com/content/pdf/10.1007%2F978-1-4614-6486-0
An Introduction to Biomechanics,Biomedical and Life Sciences,doi.org/10.1007/978-1-4939-2623-7,https://link.springer.com/content/pdf/10.1007%2F978-1-4939-2623-7
Bioinformatics for Evolutionary Biologists,Biomedical and Life Sciences,doi.org/10.1007/978-3-319-67395-0,https://link.springer.com/content/pdf/10.1007%2F978-3-319-67395-0
Lessons on Synthetic Bioarchitectures,Biomedical and Life Sciences,doi.org/10.1007/978-3-319-73123-0,https://link.springer.com/content/pdf/10.1007%2F978-3-319-73123-0
Applied Bioinformatics,Biomedical and Life Sciences,doi.org/10.1007/978-3-319-68301-0,https://link.springer.com/content/pdf/10.1007%2F978-3-319-68301-0
"ENZYMES: Catalysis, Kinetics and Mechanisms",Biomedical and Life Sciences,doi.org/10.1007/978-981-13-0785-0,https://link.springer.com/content/pdf/10.1007%2F978-981-13-0785-0
"Plant Physiology, Development and Metabolism",Biomedical and Life Sciences,doi.org/10.1007/978-981-13-2023-1,https://link.springer.com/content/pdf/10.1007%2F978-981-13-2023-1
Plant Anatomy,Biomedical and Life Sciences,doi.org/10.1007/978-3-319-77315-5,https://link.springer.com/content/pdf/10.1007%2F978-3-319-77315-5
Pharmaceutical Biotechnology,Biomedical and Life Sciences,doi.org/10.1007/978-3-030-00710-2,https://link.springer.com/content/pdf/10.1007%2F978-3-030-00710-2
Food Fraud Prevention,Biomedical and Life Sciences,doi.org/10.1007/978-1-4939-9621-6,https://link.springer.com/content/pdf/10.1007%2F978-1-4939-9621-6
Plant Ecology,Biomedical and Life Sciences,doi.org/10.1007/978-3-662-56233-,https://link.springer.com/content/pdf/10.1007%2F978-3-662-56233-
Database Marketing,Business and Economics,doi.org/10.1007/978-0-387-72579-6,https://link.springer.com/content/pdf/10.1007%2F978-0-387-72579-6
Microeconomics,Business and Economics,doi.org/10.1007/978-3-642-37434-0,https://link.springer.com/content/pdf/10.1007%2F978-3-642-37434-0
Design Research in Information Systems,Business and Economics,doi.org/10.1007/978-1-4419-5653-8,https://link.springer.com/content/pdf/10.1007%2F978-1-4419-5653-8
Strategic International Management,Business and Economics,doi.org/10.1007/978-3-8349-6331-4,https://link.springer.com/content/pdf/10.1007%2F978-3-8349-6331-4
International Trade Theory and Policy,Business and Economics,doi.org/10.1007/978-3-642-37314-5,https://link.springer.com/content/pdf/10.1007%2F978-3-642-37314-5
Supply Chain Management and Advanced Planning,Business and Economics,doi.org/10.1007/978-3-642-55309-7,https://link.springer.com/content/pdf/10.1007%2F978-3-642-55309-7
Strategic International Management,Business and Economics,doi.org/10.1007/978-3-658-07884-3,https://link.springer.com/content/pdf/10.1007%2F978-3-658-07884-3
Search Methodologies,Business and Economics,doi.org/10.1007/978-1-4614-6940-7,https://link.springer.com/content/pdf/10.1007%2F978-1-4614-6940-7
Linear Programming,Business and Economics,doi.org/10.1007/978-1-4614-7630-6,https://link.springer.com/content/pdf/10.1007%2F978-1-4614-7630-6
Corporate Social Responsibility,Business and Economics,doi.org/10.1007/978-3-642-40975-2,https://link.springer.com/content/pdf/10.1007%2F978-3-642-40975-2
Electronic Commerce,Business and Economics,doi.org/10.1007/978-3-319-10091-3,https://link.springer.com/content/pdf/10.1007%2F978-3-319-10091-3
Econometrics,Business and Economics,doi.org/10.1007/978-3-642-20059-5,https://link.springer.com/content/pdf/10.1007%2F978-3-642-20059-5
Logistics,Business and Economics,doi.org/10.1007/978-3-319-01769-3,https://link.springer.com/content/pdf/10.1007%2F978-3-319-01769-3
New Introduction to Multiple Time Series Analysis,Business and Economics,doi.org/10.1007/978-3-540-27752-1,https://link.springer.com/content/pdf/10.1007%2F978-3-540-27752-1
Game Theory,Business and Economics,doi.org/10.1007/978-3-662-46950-7,https://link.springer.com/content/pdf/10.1007%2F978-3-662-46950-7
Physical Asset Management,Business and Economics,doi.org/10.1007/978-3-319-14777-2,https://link.springer.com/content/pdf/10.1007%2F978-3-319-14777-2
Linear and Nonlinear Programming,Business and Management,doi.org/10.1007/978-3-319-18842-3,https://link.springer.com/content/pdf/10.1007%2F978-3-319-18842-3
Enterprise Risk Management Models,Business and Management,doi.org/10.1007/978-3-662-53785-5,https://link.springer.com/content/pdf/10.1007%2F978-3-662-53785-5
Introduction to Electronic Commerce and Social Commerce,Business and Management,doi.org/10.1007/978-3-319-50091-1,https://link.springer.com/content/pdf/10.1007%2F978-3-319-50091-1
Business Process Management Cases,Business and Management,doi.org/10.1007/978-3-319-58307-5,https://link.springer.com/content/pdf/10.1007%2F978-3-319-58307-5
Social Media Management,Business and Management,doi.org/10.1007/978-3-319-21990-5,https://link.springer.com/content/pdf/10.1007%2F978-3-319-21990-5
Multinational Management,Business and Management,doi.org/10.1007/978-3-319-23012-2,https://link.springer.com/content/pdf/10.1007%2F978-3-319-23012-2
Leadership Today,Business and Management,doi.org/10.1007/978-3-319-31036-7,https://link.springer.com/content/pdf/10.1007%2F978-3-319-31036-7
Sustainable Supply Chains,Business and Management,doi.org/10.1007/978-3-319-29791-0,https://link.springer.com/content/pdf/10.1007%2F978-3-319-29791-0
Strategic Retail Management,Business and Management,doi.org/10.1007/978-3-658-10183-1,https://link.springer.com/content/pdf/10.1007%2F978-3-658-10183-1
"Travel Marketing, Tourism Economics and the Airline Product",Business and Management,doi.org/10.1007/978-3-319-49849-2,https://link.springer.com/content/pdf/10.1007%2F978-3-319-49849-2
Electronic Commerce 2018,Business and Management,doi.org/10.1007/978-3-319-58715-8,https://link.springer.com/content/pdf/10.1007%2F978-3-319-58715-8
Market Research,Business and Management,doi.org/10.1007/978-981-10-5218-7,https://link.springer.com/content/pdf/10.1007%2F978-981-10-5218-7
Managing Sustainable Business,Business and Management,doi.org/10.1007/978-94-024-1144-7,https://link.springer.com/content/pdf/10.1007%2F978-94-024-1144-7
Knowledge Management,Business and Management,doi.org/10.1007/978-3-319-59978-6,https://link.springer.com/content/pdf/10.1007%2F978-3-319-59978-6
Customer Relationship Management,Business and Management,doi.org/10.1007/978-3-662-55381-7,https://link.springer.com/content/pdf/10.1007%2F978-3-662-55381-7
Strategic Human Resource Management and Employment Relations,Business and Management,doi.org/10.1007/978-981-13-0399-9,https://link.springer.com/content/pdf/10.1007%2F978-981-13-0399-9
Entertainment Science,Business and Management,doi.org/10.1007/978-3-319-89292-4,https://link.springer.com/content/pdf/10.1007%2F978-3-319-89292-4
Analytical Corporate Finance,Business and Management,doi.org/10.1007/978-3-319-95762-3,https://link.springer.com/content/pdf/10.1007%2F978-3-319-95762-3
A Concise Guide to Market Research,Business and Management,doi.org/10.1007/978-3-662-56707-4,https://link.springer.com/content/pdf/10.1007%2F978-3-662-56707-4
Global Supply Chain and Operations Management,Business and Management,doi.org/10.1007/978-3-319-94313-8,https://link.springer.com/content/pdf/10.1007%2F978-3-319-94313-8
International Business Management,Business and Management,doi.org/10.1007/978-3-319-96622-9,https://link.springer.com/content/pdf/10.1007%2F978-3-319-96622-9
Excel Data Analysis,Business and Management,doi.org/10.1007/978-3-030-01279-3,https://link.springer.com/content/pdf/10.1007%2F978-3-030-01279-3
Digital Business Models,Business and Management,doi.org/10.1007/978-3-030-13005-3,https://link.springer.com/content/pdf/10.1007%2F978-3-030-13005-3
Social Marketing in Action,Business and Management,doi.org/10.1007/978-3-030-13020-6,https://link.springer.com/content/pdf/10.1007%2F978-3-030-13020-6
Essentials of Business Analytics,Business and Management,doi.org/10.1007/978-3-319-68837-4,https://link.springer.com/content/pdf/10.1007%2F978-3-319-68837-4
Ceramic Materials,Chemistry and Materials Science,doi.org/10.1007/978-0-387-46271-4,https://link.springer.com/content/pdf/10.1007%2F978-0-387-46271-4
Principles of Fluorescence Spectroscopy,Chemistry and Materials Science,doi.org/10.1007/978-0-387-46312-4,https://link.springer.com/content/pdf/10.1007%2F978-0-387-46312-4
Composite Materials,Chemistry and Materials Science,doi.org/10.1007/978-0-387-74365-3,https://link.springer.com/content/pdf/10.1007%2F978-0-387-74365-3
Transmission Electron Microscopy,Chemistry and Materials Science,doi.org/10.1007/978-0-387-76501-3,https://link.springer.com/content/pdf/10.1007%2F978-0-387-76501-3
Sensory Evaluation of Food,Chemistry and Materials Science,doi.org/10.1007/978-1-4419-6488-5,https://link.springer.com/content/pdf/10.1007%2F978-1-4419-6488-5
Engineering Flow and Heat Exchange,Chemistry and Materials Science,doi.org/10.1007/978-1-4899-7454-9,https://link.springer.com/content/pdf/10.1007%2F978-1-4899-7454-9
Chemical Thermodynamics,Chemistry and Materials Science,doi.org/10.1007/978-3-642-19864-9,https://link.springer.com/content/pdf/10.1007%2F978-3-642-19864-9
Electrochemistry,Chemistry and Materials Science,doi.org/10.1007/978-3-642-30250-3,https://link.springer.com/content/pdf/10.1007%2F978-3-642-30250-3
Acid-Base Diagrams,Chemistry and Materials Science,doi.org/10.1007/978-3-642-37902-4,https://link.springer.com/content/pdf/10.1007%2F978-3-642-37902-4
Brewing Science: A Multidisciplinary Approach,Chemistry and Materials Science,doi.org/10.1007/978-3-319-46394-0,https://link.springer.com/content/pdf/10.1007%2F978-3-319-46394-0
Principles of Polymer Chemistry,Chemistry and Materials Science,doi.org/10.1007/978-1-4614-2212-9,https://link.springer.com/content/pdf/10.1007%2F978-1-4614-2212-9
Nanotechnology: Principles and Practices,Chemistry and Materials Science,doi.org/10.1007/978-3-319-09171-6,https://link.springer.com/content/pdf/10.1007%2F978-3-319-09171-6
Structure Determination by X-ray Crystallography,Chemistry and Materials Science,doi.org/10.1007/978-1-4614-3954-7,https://link.springer.com/content/pdf/10.1007%2F978-1-4614-3954-7
Ceramic Materials,Chemistry and Materials Science,doi.org/10.1007/978-1-4614-3523-5,https://link.springer.com/content/pdf/10.1007%2F978-1-4614-3523-5
Foundations of Analytical Chemistry,Chemistry and Materials Science,doi.org/10.1007/978-3-319-62872-1,https://link.springer.com/content/pdf/10.1007%2F978-3-319-62872-1
Mass Spectrometry,Chemistry and Materials Science,doi.org/10.1007/978-3-319-54398-7,https://link.springer.com/content/pdf/10.1007%2F978-3-319-54398-7
Statistical Mechanics for Engineers,Chemistry and Materials Science,doi.org/10.1007/978-3-319-13809-1,https://link.springer.com/content/pdf/10.1007%2F978-3-319-13809-1
Magnetic Interactions in Molecules and Solids,Chemistry and Materials Science,doi.org/10.1007/978-3-319-22951-5,https://link.springer.com/content/pdf/10.1007%2F978-3-319-22951-5
Polymer Synthesis: Theory and Practice,Chemistry and Materials Science,doi.org/10.1007/978-3-642-28980-4,https://link.springer.com/content/pdf/10.1007%2F978-3-642-28980-4
Food Analysis Laboratory Manual,Chemistry and Materials Science,doi.org/10.1007/978-3-319-44127-6,https://link.springer.com/content/pdf/10.1007%2F978-3-319-44127-6
Electrochemical Impedance Spectroscopy and its Applications,Chemistry and Materials Science,doi.org/10.1007/978-1-4614-8933-7,https://link.springer.com/content/pdf/10.1007%2F978-1-4614-8933-7
Group Theory Applied to Chemistry,Chemistry and Materials Science,doi.org/10.1007/978-94-007-6863-5,https://link.springer.com/content/pdf/10.1007%2F978-94-007-6863-5
Food Chemistry,Chemistry and Materials Science,doi.org/10.1007/978-3-540-69934-7,https://link.springer.com/content/pdf/10.1007%2F978-3-540-69934-7
Exam Survival Guide: Physical Chemistry,Chemistry and Materials Science,doi.org/10.1007/978-3-319-49810-2,https://link.springer.com/content/pdf/10.1007%2F978-3-319-49810-2
Food Analysis,Chemistry and Materials Science,doi.org/10.1007/978-3-319-45776-5,https://link.springer.com/content/pdf/10.1007%2F978-3-319-45776-5
Physical Chemistry from a Different Angle,Chemistry and Materials Science,doi.org/10.1007/978-3-319-15666-8,https://link.springer.com/content/pdf/10.1007%2F978-3-319-15666-8
Essentials of Food Science,Chemistry and Materials Science,doi.org/10.1007/978-1-4614-9138-5,https://link.springer.com/content/pdf/10.1007%2F978-1-4614-9138-5
Chemical and Bioprocess Engineering,Chemistry and Materials Science,doi.org/10.1007/978-1-4614-9126-2,https://link.springer.com/content/pdf/10.1007%2F978-1-4614-9126-2
Applied Chemistry,Chemistry and Materials Science,doi.org/10.1007/978-1-4614-4262-2,https://link.springer.com/content/pdf/10.1007%2F978-1-4614-4262-2
Advanced Organic Chemistry,Chemistry and Materials Science,doi.org/10.1007/978-0-387-44899-2,https://link.springer.com/content/pdf/10.1007%2F978-0-387-44899-2
Advanced Organic Chemistry,Chemistry and Materials Science,doi.org/10.1007/978-0-387-71481-3,https://link.springer.com/content/pdf/10.1007%2F978-0-387-71481-3
Scanning Electron Microscopy and X-Ray Microanalysis,Chemistry and Materials Science,doi.org/10.1007/978-1-4939-6676-9,https://link.springer.com/content/pdf/10.1007%2F978-1-4939-6676-9
Polymer Chemistry,Chemistry and Materials Science,doi.org/10.1007/978-3-662-49279-6,https://link.springer.com/content/pdf/10.1007%2F978-3-662-49279-6
Introduction to Evolutionary Computing,Computer Science,doi.org/10.1007/978-3-662-44874-8,https://link.springer.com/content/pdf/10.1007%2F978-3-662-44874-8
Data Structures and Algorithms with Python,Computer Science,doi.org/10.1007/978-3-319-13072-9,https://link.springer.com/content/pdf/10.1007%2F978-3-319-13072-9
LaTeX in 24 Hours,Computer Science,doi.org/10.1007/978-3-319-47831-9,https://link.springer.com/content/pdf/10.1007%2F978-3-319-47831-9
Automata and Computability,Computer Science,doi.org/10.1007/978-1-4612-1844-9,https://link.springer.com/content/pdf/10.1007%2F978-1-4612-1844-9
The Algorithm Design Manual,Computer Science,doi.org/10.1007/978-1-84800-070-4,https://link.springer.com/content/pdf/10.1007%2F978-1-84800-070-4
Principles of Data Mining,Computer Science,doi.org/10.1007/978-1-4471-7307-6,https://link.springer.com/content/pdf/10.1007%2F978-1-4471-7307-6
Fundamentals of Business Process Management,Computer Science,doi.org/10.1007/978-3-642-33143-5,https://link.springer.com/content/pdf/10.1007%2F978-3-642-33143-5
UML @ Classroom,Computer Science,doi.org/10.1007/978-3-319-12742-2,https://link.springer.com/content/pdf/10.1007%2F978-3-319-12742-2
Foundations for Designing User-Centered Systems,Computer Science,doi.org/10.1007/978-1-4471-5134-0,https://link.springer.com/content/pdf/10.1007%2F978-1-4471-5134-0
Computer Vision,Computer Science,doi.org/10.1007/978-1-84882-935-0,https://link.springer.com/content/pdf/10.1007%2F978-1-84882-935-0
Data Mining,Computer Science,doi.org/10.1007/978-3-319-14142-8,https://link.springer.com/content/pdf/10.1007%2F978-3-319-14142-8
Computational Geometry,Computer Science,doi.org/10.1007/978-3-540-77974-2,https://link.springer.com/content/pdf/10.1007%2F978-3-540-77974-2
Cryptography Made Simple,Computer Science,doi.org/10.1007/978-3-319-21936-3,https://link.springer.com/content/pdf/10.1007%2F978-3-319-21936-3
Eye Tracking Methodology,Computer Science,doi.org/10.1007/978-3-319-57883-5,https://link.springer.com/content/pdf/10.1007%2F978-3-319-57883-5
The Data Science Design Manual,Computer Science,doi.org/10.1007/978-3-319-55444-0,https://link.springer.com/content/pdf/10.1007%2F978-3-319-55444-0
An Introduction to Machine Learning,Computer Science,doi.org/10.1007/978-3-319-63913-0,https://link.springer.com/content/pdf/10.1007%2F978-3-319-63913-0
Guide to Discrete Mathematics,Computer Science,doi.org/10.1007/978-3-319-44561-8,https://link.springer.com/content/pdf/10.1007%2F978-3-319-44561-8
Modelling Computing Systems,Computer Science,doi.org/10.1007/978-1-84800-322-4,https://link.springer.com/content/pdf/10.1007%2F978-1-84800-322-4
Understanding Cryptography,Computer Science,doi.org/10.1007/978-3-642-04101-3,https://link.springer.com/content/pdf/10.1007%2F978-3-642-04101-3
Concise Guide to Software Engineering,Computer Science,doi.org/10.1007/978-3-319-57750-0,https://link.springer.com/content/pdf/10.1007%2F978-3-319-57750-0
Fundamentals of Multimedia,Computer Science,doi.org/10.1007/978-3-319-05290-8,https://link.springer.com/content/pdf/10.1007%2F978-3-319-05290-8
The Python Workbook,Computer Science,doi.org/10.1007/978-3-319-14240-1,https://link.springer.com/content/pdf/10.1007%2F978-3-319-14240-1
Recommender Systems,Computer Science,doi.org/10.1007/978-3-319-29659-3,https://link.springer.com/content/pdf/10.1007%2F978-3-319-29659-3
Python Programming Fundamentals,Computer Science,doi.org/10.1007/978-1-4471-6642-9,https://link.springer.com/content/pdf/10.1007%2F978-1-4471-6642-9
"Object-Oriented Analysis, Design and Implementation",Computer Science,doi.org/10.1007/978-3-319-24280-4,https://link.springer.com/content/pdf/10.1007%2F978-3-319-24280-4
Introduction to Data Science,Computer Science,doi.org/10.1007/978-3-319-50017-1,https://link.springer.com/content/pdf/10.1007%2F978-3-319-50017-1
Concise Guide to Databases,Computer Science,doi.org/10.1007/978-1-4471-5601-7,https://link.springer.com/content/pdf/10.1007%2F978-1-4471-5601-7
Digital Image Processing,Computer Science,doi.org/10.1007/978-1-4471-6684-9,https://link.springer.com/content/pdf/10.1007%2F978-1-4471-6684-9
Guide to Computer Network Security,Computer Science,doi.org/10.1007/978-3-319-55606-2,https://link.springer.com/content/pdf/10.1007%2F978-3-319-55606-2
Foundations of Programming Languages,Computer Science,doi.org/10.1007/978-3-319-70790-7,https://link.springer.com/content/pdf/10.1007%2F978-3-319-70790-7
Probability and Statistics for Computer Science,Computer Science,doi.org/10.1007/978-3-319-64410-3,https://link.springer.com/content/pdf/10.1007%2F978-3-319-64410-3
Guide to Competitive Programming,Computer Science,doi.org/10.1007/978-3-319-72547-5,https://link.springer.com/content/pdf/10.1007%2F978-3-319-72547-5
Introduction to Artificial Intelligence,Computer Science,doi.org/10.1007/978-3-319-58487-4,https://link.springer.com/content/pdf/10.1007%2F978-3-319-58487-4
Introduction to Deep Learning,Computer Science,doi.org/10.1007/978-3-319-73004-2,https://link.springer.com/content/pdf/10.1007%2F978-3-319-73004-2
"A Beginner's Guide to Scala, Object Orientation and Functional Programming",Computer Science,doi.org/10.1007/978-3-319-75771-1,https://link.springer.com/content/pdf/10.1007%2F978-3-319-75771-1
Fundamentals of Business Process Management,Computer Science,doi.org/10.1007/978-3-662-56509-4,https://link.springer.com/content/pdf/10.1007%2F978-3-662-56509-4
Guide to Scientific Computing in C++,Computer Science,doi.org/10.1007/978-3-319-73132-2,https://link.springer.com/content/pdf/10.1007%2F978-3-319-73132-2
Fundamentals of Java Programming,Computer Science,doi.org/10.1007/978-3-319-89491-1,https://link.springer.com/content/pdf/10.1007%2F978-3-319-89491-1
Logical Foundations of Cyber-Physical Systems,Computer Science,doi.org/10.1007/978-3-319-63588-0,https://link.springer.com/content/pdf/10.1007%2F978-3-319-63588-0
Introduction to Programming with Fortran,Computer Science,doi.org/10.1007/978-3-319-75502-1,https://link.springer.com/content/pdf/10.1007%2F978-3-319-75502-1
Neural Networks and Deep Learning,Computer Science,doi.org/10.1007/978-3-319-94463-0,https://link.springer.com/content/pdf/10.1007%2F978-3-319-94463-0
Data Science and Predictive Analytics,Computer Science,doi.org/10.1007/978-3-319-72347-1,https://link.springer.com/content/pdf/10.1007%2F978-3-319-72347-1
Systems Programming in Unix Linux,Computer Science,doi.org/10.1007/978-3-319-92429-8,https://link.springer.com/content/pdf/10.1007%2F978-3-319-92429-8
Introduction to Parallel Computing,Computer Science,doi.org/10.1007/978-3-319-98833-7,https://link.springer.com/content/pdf/10.1007%2F978-3-319-98833-7
Analysis for Computer Scientists,Computer Science,doi.org/10.1007/978-3-319-91155-7,https://link.springer.com/content/pdf/10.1007%2F978-3-319-91155-7
Introductory Computer Forensics,Computer Science,doi.org/10.1007/978-3-030-00581-8,https://link.springer.com/content/pdf/10.1007%2F978-3-030-00581-8
Java in Two Semesters,Computer Science,doi.org/10.1007/978-3-319-99420-8,https://link.springer.com/content/pdf/10.1007%2F978-3-319-99420-8
A Beginners Guide to Python 3 Programming,Computer Science,doi.org/10.1007/978-3-030-20290-3,https://link.springer.com/content/pdf/10.1007%2F978-3-030-20290-3
Advanced Guide to Python 3 Programming,Computer Science,doi.org/10.1007/978-3-030-25943-3,https://link.springer.com/content/pdf/10.1007%2F978-3-030-25943-3
Geomorphology of Desert Environments,Earth and Environmental Science,doi.org/10.1007/978-1-4020-5719-9,https://link.springer.com/content/pdf/10.1007%2F978-1-4020-5719-9
Irrigation and Drainage Engineering,Earth and Environmental Science,doi.org/10.1007/978-3-319-05699-9,https://link.springer.com/content/pdf/10.1007%2F978-3-319-05699-9
Climate Change Science: A Modern Synthesis,Earth and Environmental Science,doi.org/10.1007/978-94-007-5757-8,https://link.springer.com/content/pdf/10.1007%2F978-94-007-5757-8
Petroleum Geoscience,Earth and Environmental Science,doi.org/10.1007/978-3-642-34132-8,https://link.springer.com/content/pdf/10.1007%2F978-3-642-34132-8
Plate Tectonics,Earth and Environmental Science,doi.org/10.1007/978-3-540-76504-2,https://link.springer.com/content/pdf/10.1007%2F978-3-540-76504-2
The Sea Floor,Earth and Environmental Science,doi.org/10.1007/978-3-319-51412-3,https://link.springer.com/content/pdf/10.1007%2F978-3-319-51412-3
An Introduction to Soil Mechanics,Earth and Environmental Science,doi.org/10.1007/978-3-319-61185-3,https://link.springer.com/content/pdf/10.1007%2F978-3-319-61185-3
Sustainability Science,Earth and Environmental Science,doi.org/10.1007/978-94-017-7242-6,https://link.springer.com/content/pdf/10.1007%2F978-94-017-7242-6
Python For ArcGIS,Earth and Environmental Science,doi.org/10.1007/978-3-319-18398-5,https://link.springer.com/content/pdf/10.1007%2F978-3-319-18398-5
ArcGIS for Environmental and Water Issues,Earth and Environmental Science,doi.org/10.1007/978-3-319-61158-7,https://link.springer.com/content/pdf/10.1007%2F978-3-319-61158-7
System Dynamics,Economics and Finance,doi.org/10.1007/978-981-10-2045-2,https://link.springer.com/content/pdf/10.1007%2F978-981-10-2045-2
Principles of Microeconomics,Economics and Finance,doi.org/10.1007/978-3-319-57589-6,https://link.springer.com/content/pdf/10.1007%2F978-3-319-57589-6
Time Series Econometrics,Economics and Finance,doi.org/10.1007/978-3-319-32862-1,https://link.springer.com/content/pdf/10.1007%2F978-3-319-32862-1
Stochastic Processes and Calculus,Economics and Finance,doi.org/10.1007/978-3-319-23428-1,https://link.springer.com/content/pdf/10.1007%2F978-3-319-23428-1
Economics as Applied Ethics,Economics and Finance,doi.org/10.1007/978-3-319-50319-6,https://link.springer.com/content/pdf/10.1007%2F978-3-319-50319-6
Grammar for Teachers,Education,doi.org/10.1007/978-3-319-33916-0,https://link.springer.com/content/pdf/10.1007%2F978-3-319-33916-0
Writing for Publication,Education,doi.org/10.1007/978-3-319-31650-5,https://link.springer.com/content/pdf/10.1007%2F978-3-319-31650-5
Language Across the Curriculum & CLIL in English as an Additional Language (EAL) Contexts,Education,doi.org/10.1007/978-981-10-1802-2,https://link.springer.com/content/pdf/10.1007%2F978-981-10-1802-2
The A-Z of the PhD Trajectory,Education,doi.org/10.1007/978-3-319-77425-1,https://link.springer.com/content/pdf/10.1007%2F978-3-319-77425-1
Conferencing and Presentation English for Young Academics,Education,doi.org/10.1007/978-981-13-2475-8,https://link.springer.com/content/pdf/10.1007%2F978-981-13-2475-8
Research Methods for Social Justice and Equity in Education,Education,doi.org/10.1007/978-3-030-05900-2,https://link.springer.com/content/pdf/10.1007%2F978-3-030-05900-2
Educational Technology,Education,doi.org/10.1007/978-981-13-6643-7,https://link.springer.com/content/pdf/10.1007%2F978-981-13-6643-7
School Leadership and Educational Change in Singapore,Education,doi.org/10.1007/978-3-319-74746-0,https://link.springer.com/content/pdf/10.1007%2F978-3-319-74746-0
A Course in Rasch Measurement Theory,Education,doi.org/10.1007/978-981-13-7496-8,https://link.springer.com/content/pdf/10.1007%2F978-981-13-7496-8
Electrical Machines,Energy,doi.org/10.1007/978-1-4614-0400-2,https://link.springer.com/content/pdf/10.1007%2F978-1-4614-0400-2
Energy Storage,Energy,doi.org/10.1007/978-3-319-21239-5,https://link.springer.com/content/pdf/10.1007%2F978-3-319-21239-5
Reactive Power Control in AC Power Systems,Energy,doi.org/10.1007/978-3-319-51118-4,https://link.springer.com/content/pdf/10.1007%2F978-3-319-51118-4
Energy Economics,Energy,doi.org/10.1007/978-3-662-53022-1,https://link.springer.com/content/pdf/10.1007%2F978-3-662-53022-1
Solar PV and Wind Energy Conversion Systems,Energy,doi.org/10.1007/978-3-319-14941-7,https://link.springer.com/content/pdf/10.1007%2F978-3-319-14941-7
Air Pollution and Greenhouse Gases,Energy,doi.org/10.1007/978-981-287-212-8,https://link.springer.com/content/pdf/10.1007%2F978-981-287-212-8
Energy Harvesting and Energy Efficiency,Energy,doi.org/10.1007/978-3-319-49875-1,https://link.springer.com/content/pdf/10.1007%2F978-3-319-49875-1
Energy and the Wealth of Nations,Energy,doi.org/10.1007/978-3-319-66219-0,https://link.springer.com/content/pdf/10.1007%2F978-3-319-66219-0
Building Energy Modeling with OpenStudio,Energy,doi.org/10.1007/978-3-319-77809-9,https://link.springer.com/content/pdf/10.1007%2F978-3-319-77809-9
Off-Grid Electrical Systems in Developing Countries,Energy,doi.org/10.1007/978-3-319-91890-7,https://link.springer.com/content/pdf/10.1007%2F978-3-319-91890-7
Introduction to Logic Circuits & Logic Design with VHDL,Engineering,doi.org/10.1007/978-3-319-34195-8,https://link.springer.com/content/pdf/10.1007%2F978-3-319-34195-8
Introduction to Logic Circuits & Logic Design with VHDL,Engineering,doi.org/10.1007/978-3-030-12489-2,https://link.springer.com/content/pdf/10.1007%2F978-3-030-12489-2
Fundamentals of Power Electronics,Engineering,doi.org/10.1007/b100747,https://link.springer.com/content/pdf/10.1007%2Fb100747
Intuitive Probability and Random Processes using MATLAB®️,Engineering,doi.org/10.1007/b104645,https://link.springer.com/content/pdf/10.1007%2Fb104645
Fatigue of Structures and Materials,Engineering,doi.org/10.1007/978-1-4020-6808-9,https://link.springer.com/content/pdf/10.1007%2F978-1-4020-6808-9
Fundamentals of Robotic Mechanical Systems,Engineering,doi.org/10.1007/978-3-319-01851-5,https://link.springer.com/content/pdf/10.1007%2F978-3-319-01851-5
Introduction to Logic Circuits & Logic Design with Verilog,Engineering,doi.org/10.1007/978-3-319-53883-9,https://link.springer.com/content/pdf/10.1007%2F978-3-319-53883-9
Structural Analysis,Engineering,doi.org/10.1007/978-90-481-2516-6,https://link.springer.com/content/pdf/10.1007%2F978-90-481-2516-6
Additive Manufacturing Technologies,Engineering,doi.org/10.1007/978-1-4419-1120-9,https://link.springer.com/content/pdf/10.1007%2F978-1-4419-1120-9
Engineering Electromagnetics,Engineering,doi.org/10.1007/978-3-319-07806-9,https://link.springer.com/content/pdf/10.1007%2F978-3-319-07806-9
Alternative Energy Sources,Engineering,doi.org/10.1007/978-3-642-20951-2,https://link.springer.com/content/pdf/10.1007%2F978-3-642-20951-2
"Robotics, Vision and Control",Engineering,doi.org/10.1007/978-3-319-54413-7,https://link.springer.com/content/pdf/10.1007%2F978-3-319-54413-7
Engineering Mechanics 1,Engineering,doi.org/10.1007/978-3-642-30319-7,https://link.springer.com/content/pdf/10.1007%2F978-3-642-30319-7
Thermodynamics and Energy Conversion,Engineering,doi.org/10.1007/978-3-662-43715-5,https://link.springer.com/content/pdf/10.1007%2F978-3-662-43715-5
Principles of Mobile Communication,Engineering,doi.org/10.1007/978-3-319-55615-4,https://link.springer.com/content/pdf/10.1007%2F978-3-319-55615-4
Physics of Semiconductor Devices,Engineering,doi.org/10.1007/978-1-4939-1151-6,https://link.springer.com/content/pdf/10.1007%2F978-1-4939-1151-6
Life Cycle Assessment,Engineering,doi.org/10.1007/978-3-319-56475-3,https://link.springer.com/content/pdf/10.1007%2F978-3-319-56475-3
Additive Manufacturing Technologies,Engineering,doi.org/10.1007/978-1-4939-2113-3,https://link.springer.com/content/pdf/10.1007%2F978-1-4939-2113-3
Robotics,Engineering,doi.org/10.1007/978-1-84628-642-1,https://link.springer.com/content/pdf/10.1007%2F978-1-84628-642-1
Fundamentals of Structural Engineering,Engineering,doi.org/10.1007/978-3-319-24331-3,https://link.springer.com/content/pdf/10.1007%2F978-3-319-24331-3
Electronics for Embedded Systems,Engineering,doi.org/10.1007/978-3-319-39439-8,https://link.springer.com/content/pdf/10.1007%2F978-3-319-39439-8
Practical Electrical Engineering,Engineering,doi.org/10.1007/978-3-319-21173-2,https://link.springer.com/content/pdf/10.1007%2F978-3-319-21173-2
The Finite Element Method and Applications in Engineering Using ANSYS®️,Engineering,doi.org/10.1007/978-1-4899-7550-8,https://link.springer.com/content/pdf/10.1007%2F978-1-4899-7550-8
Introduction to Embedded Systems,Engineering,doi.org/10.1007/978-1-4614-3143-5,https://link.springer.com/content/pdf/10.1007%2F978-1-4614-3143-5
The Finite Volume Method in Computational Fluid Dynamics,Engineering,doi.org/10.1007/978-3-319-16874-6,https://link.springer.com/content/pdf/10.1007%2F978-3-319-16874-6
Statics and Mechanics of Structures,Engineering,doi.org/10.1007/978-94-007-6113-1,https://link.springer.com/content/pdf/10.1007%2F978-94-007-6113-1
"Robotics, Vision and Control",Engineering,doi.org/10.1007/978-3-642-20144-8,https://link.springer.com/content/pdf/10.1007%2F978-3-642-20144-8
Engineering Mechanics 2,Engineering,doi.org/10.1007/978-3-662-56272-7,https://link.springer.com/content/pdf/10.1007%2F978-3-662-56272-7
Fundamentals of Solid State Engineering,Engineering,doi.org/10.1007/978-3-319-75708-7,https://link.springer.com/content/pdf/10.1007%2F978-3-319-75708-7
Introduction to Digital Systems Design,Engineering,doi.org/10.1007/978-3-319-92804-3,https://link.springer.com/content/pdf/10.1007%2F978-3-319-92804-3
Internet of Things From Hype to Reality,Engineering,doi.org/10.1007/978-3-319-99516-8,https://link.springer.com/content/pdf/10.1007%2F978-3-319-99516-8
Structural Dynamics,Engineering,doi.org/10.1007/978-3-319-94743-3,https://link.springer.com/content/pdf/10.1007%2F978-3-319-94743-3
Quick Start Guide to VHDL,Engineering,doi.org/10.1007/978-3-030-04516-6,https://link.springer.com/content/pdf/10.1007%2F978-3-030-04516-6
Astronautics,Engineering,doi.org/10.1007/978-3-319-74373-8,https://link.springer.com/content/pdf/10.1007%2F978-3-319-74373-8
Quick Start Guide to Verilog,Engineering,doi.org/10.1007/978-3-030-10552-5,https://link.springer.com/content/pdf/10.1007%2F978-3-030-10552-5
Introduction to Logic Circuits & Logic Design with Verilog,Engineering,doi.org/10.1007/978-3-030-13605-5,https://link.springer.com/content/pdf/10.1007%2F978-3-030-13605-5
Handbook of the Life Course,"Humanities, Social Sciences and Law",doi.org/10.1007/b100507,https://link.springer.com/content/pdf/10.1007%2Fb100507
Handbook of Disaster Research,"Humanities, Social Sciences and Law",doi.org/10.1007/978-0-387-32353-4,https://link.springer.com/content/pdf/10.1007%2F978-0-387-32353-4
Handbook of the Sociology of Gender,"Humanities, Social Sciences and Law",doi.org/10.1007/0-387-36218-5,https://link.springer.com/content/pdf/10.1007%2F0-387-36218-5
Handbook of Sociological Theory,"Humanities, Social Sciences and Law",doi.org/10.1007/0-387-36274-6,https://link.springer.com/content/pdf/10.1007%2F0-387-36274-6
International Handbook of Historical Archaeology,"Humanities, Social Sciences and Law",doi.org/10.1007/978-0-387-72071-5,https://link.springer.com/content/pdf/10.1007%2F978-0-387-72071-5
Handbook of Quantitative Criminology,"Humanities, Social Sciences and Law",doi.org/10.1007/978-0-387-77650-7,https://link.springer.com/content/pdf/10.1007%2F978-0-387-77650-7
LGBT-Parent Families,"Humanities, Social Sciences and Law",doi.org/10.1007/978-1-4614-4556-2,https://link.springer.com/content/pdf/10.1007%2F978-1-4614-4556-2
Statistics in Criminal Justice,"Humanities, Social Sciences and Law",doi.org/10.1007/978-1-4614-9170-5,https://link.springer.com/content/pdf/10.1007%2F978-1-4614-9170-5
The Action Research Planner,"Humanities, Social Sciences and Law",doi.org/10.1007/978-981-4560-67-2,https://link.springer.com/content/pdf/10.1007%2F978-981-4560-67-2
Handbook of Marriage and the Family,"Humanities, Social Sciences and Law",doi.org/10.1007/978-1-4614-3987-5,https://link.springer.com/content/pdf/10.1007%2F978-1-4614-3987-5
Optimization of Process Flowsheets through Metaheuristic Techniques,Intelligent Technologies and Robotics,doi.org/10.1007/978-3-319-91722-1,https://link.springer.com/content/pdf/10.1007%2F978-3-319-91722-1
Robotics,Intelligent Technologies and Robotics,doi.org/10.1007/978-3-319-72911-4,https://link.springer.com/content/pdf/10.1007%2F978-3-319-72911-4
Stability and Control of Linear Systems,Intelligent Technologies and Robotics,doi.org/10.1007/978-3-030-02405-5,https://link.springer.com/content/pdf/10.1007%2F978-3-030-02405-5
Control Engineering,Intelligent Technologies and Robotics,doi.org/10.1007/978-981-10-8297-9,https://link.springer.com/content/pdf/10.1007%2F978-981-10-8297-9
Control Engineering: MATLAB Exercises,Intelligent Technologies and Robotics,doi.org/10.1007/978-981-10-8321-1,https://link.springer.com/content/pdf/10.1007%2F978-981-10-8321-1
Automatic Control with Experiments,Intelligent Technologies and Robotics,doi.org/10.1007/978-3-319-75804-6,https://link.springer.com/content/pdf/10.1007%2F978-3-319-75804-6
Multimedia Big Data Computing for IoT Applications,Intelligent Technologies and Robotics,doi.org/10.1007/978-981-13-8759-3,https://link.springer.com/content/pdf/10.1007%2F978-981-13-8759-3
Correctional Counseling and Treatment,Law and Criminology,doi.org/10.1007/978-3-319-54349-9,https://link.springer.com/content/pdf/10.1007%2F978-3-319-54349-9
Taxation in European Union,Law and Criminology,doi.org/10.1007/978-3-319-53919-5,https://link.springer.com/content/pdf/10.1007%2F978-3-319-53919-5
Legal Dynamics of EU External Relations,Law and Criminology,doi.org/10.1007/978-3-662-54817-2,https://link.springer.com/content/pdf/10.1007%2F978-3-662-54817-2
Introduction to Law,Law and Criminology,doi.org/10.1007/978-3-319-57252-9,https://link.springer.com/content/pdf/10.1007%2F978-3-319-57252-9
International Humanitarian Action,Law and Criminology,doi.org/10.1007/978-3-319-14454-2,https://link.springer.com/content/pdf/10.1007%2F978-3-319-14454-2
Perspectives on Elderly Crime and Victimization,Law and Criminology,doi.org/10.1007/978-3-319-72682-3,https://link.springer.com/content/pdf/10.1007%2F978-3-319-72682-3
Criminal Justice and Mental Health,Law and Criminology,doi.org/10.1007/978-3-319-76442-9,https://link.springer.com/content/pdf/10.1007%2F978-3-319-76442-9
Fraud and Corruption,Law and Criminology,doi.org/10.1007/978-3-319-92333-8,https://link.springer.com/content/pdf/10.1007%2F978-3-319-92333-8
Policing and Minority Communities,Law and Criminology,doi.org/10.1007/978-3-030-19182-5,https://link.springer.com/content/pdf/10.1007%2F978-3-030-19182-5
Teaching Medicine and Medical Ethics Using Popular Culture,"Literature, Cultural and Media Studies",doi.org/10.1007/978-3-319-65451-5,https://link.springer.com/content/pdf/10.1007%2F978-3-319-65451-5
Empathetic Space on Screen,"Literature, Cultural and Media Studies",doi.org/10.1007/978-3-319-66772-0,https://link.springer.com/content/pdf/10.1007%2F978-3-319-66772-0
"Of Cigarettes, High Heels, and Other Interesting Things","Literature, Cultural and Media Studies",doi.org/10.1057/978-1-349-95348-6,https://link.springer.com/content/pdf/10.1057/978-1-349-95348-6
Witnessing Torture,"Literature, Cultural and Media Studies",doi.org/10.1007/978-3-319-74965-5,https://link.springer.com/content/pdf/10.1007%2F978-3-319-74965-5
Research Methods for the Digital Humanities,"Literature, Cultural and Media Studies",doi.org/10.1007/978-3-319-96713-4,https://link.springer.com/content/pdf/10.1007%2F978-3-319-96713-4
Managing Media and Digital Organizations,"Literature, Cultural and Media Studies",doi.org/10.1007/978-3-319-71288-8,https://link.springer.com/content/pdf/10.1007%2F978-3-319-71288-8
Media and Digital Management,"Literature, Cultural and Media Studies",doi.org/10.1007/978-3-319-72000-5,https://link.springer.com/content/pdf/10.1007%2F978-3-319-72000-5
"An Anthology of London in Literature, 1558-1914","Literature, Cultural and Media Studies",doi.org/10.1007/978-3-030-05609-4,https://link.springer.com/content/pdf/10.1007%2F978-3-030-05609-4
Mapping Global Theatre Histories,"Literature, Cultural and Media Studies",doi.org/10.1007/978-3-030-12727-5,https://link.springer.com/content/pdf/10.1007%2F978-3-030-12727-5
Literature and Medicine,"Literature, Cultural and Media Studies",doi.org/10.1007/978-3-030-19128-3,https://link.springer.com/content/pdf/10.1007%2F978-3-030-19128-3
Introduction to Statistics and Data Analysis,Mathematics and Statistics,doi.org/10.1007/978-3-319-46162-5,https://link.springer.com/content/pdf/10.1007%2F978-3-319-46162-5
"Brownian Motion, Martingales, and Stochastic Calculus",Mathematics and Statistics,doi.org/10.1007/978-3-319-31089-3,https://link.springer.com/content/pdf/10.1007%2F978-3-319-31089-3
Business Statistics for Competitive Advantage with Excel 2016,Mathematics and Statistics,doi.org/10.1007/978-3-319-32185-1,https://link.springer.com/content/pdf/10.1007%2F978-3-319-32185-1
All of Statistics,Mathematics and Statistics,doi.org/10.1007/978-0-387-21736-9,https://link.springer.com/content/pdf/10.1007%2F978-0-387-21736-9
Discrete Mathematics,Mathematics and Statistics,doi.org/10.1007/b97469,https://link.springer.com/content/pdf/10.1007%2Fb97469
Numerical Optimization,Mathematics and Statistics,doi.org/10.1007/978-0-387-40065-5,https://link.springer.com/content/pdf/10.1007%2F978-0-387-40065-5
Time Series Analysis,Mathematics and Statistics,doi.org/10.1007/978-0-387-75959-3,https://link.springer.com/content/pdf/10.1007%2F978-0-387-75959-3
Introductory Statistics with R,Mathematics and Statistics,doi.org/10.1007/978-0-387-79054-1,https://link.springer.com/content/pdf/10.1007%2F978-0-387-79054-1
The Elements of Statistical Learning,Mathematics and Statistics,doi.org/10.1007/978-0-387-84858-7,https://link.springer.com/content/pdf/10.1007%2F978-0-387-84858-7
Introductory Time Series with R,Mathematics and Statistics,doi.org/10.1007/978-0-387-88698-5,https://link.springer.com/content/pdf/10.1007%2F978-0-387-88698-5
A Beginner's Guide to R,Mathematics and Statistics,doi.org/10.1007/978-0-387-93837-0,https://link.springer.com/content/pdf/10.1007%2F978-0-387-93837-0
Introduction to Partial Differential Equations,Mathematics and Statistics,doi.org/10.1007/978-3-319-48936-0,https://link.springer.com/content/pdf/10.1007%2F978-3-319-48936-0
Introduction to Partial Differential Equations,Mathematics and Statistics,doi.org/10.1007/978-3-319-02099-0,https://link.springer.com/content/pdf/10.1007%2F978-3-319-02099-0
Methods of Mathematical Modelling,Mathematics and Statistics,doi.org/10.1007/978-3-319-23042-9,https://link.springer.com/content/pdf/10.1007%2F978-3-319-23042-9
Classical Fourier Analysis,Mathematics and Statistics,doi.org/10.1007/978-1-4939-1194-3,https://link.springer.com/content/pdf/10.1007%2F978-1-4939-1194-3
Quantum Theory for Mathematicians,Mathematics and Statistics,doi.org/10.1007/978-1-4614-7116-5,https://link.springer.com/content/pdf/10.1007%2F978-1-4614-7116-5
Design and Analysis of Experiments,Mathematics and Statistics,doi.org/10.1007/978-3-319-52250-0,https://link.springer.com/content/pdf/10.1007%2F978-3-319-52250-0
Applied Multivariate Statistical Analysis,Mathematics and Statistics,doi.org/10.1007/978-3-662-45171-7,https://link.springer.com/content/pdf/10.1007%2F978-3-662-45171-7
Probability,Mathematics and Statistics,doi.org/10.1007/978-1-4612-4374-8,https://link.springer.com/content/pdf/10.1007%2F978-1-4612-4374-8
Modeling Life,Mathematics and Statistics,doi.org/10.1007/978-3-319-59731-7,https://link.springer.com/content/pdf/10.1007%2F978-3-319-59731-7
A Primer on Scientific Programming with Python,Mathematics and Statistics,doi.org/10.1007/978-3-662-49887-3,https://link.springer.com/content/pdf/10.1007%2F978-3-662-49887-3
Statistical Analysis and Data Display,Mathematics and Statistics,doi.org/10.1007/978-1-4939-2122-5,https://link.springer.com/content/pdf/10.1007%2F978-1-4939-2122-5
Elementary Analysis,Mathematics and Statistics,doi.org/10.1007/978-1-4614-6271-2,https://link.springer.com/content/pdf/10.1007%2F978-1-4614-6271-2
Probability Theory,Mathematics and Statistics,doi.org/10.1007/978-1-4471-5201-9,https://link.springer.com/content/pdf/10.1007%2F978-1-4471-5201-9
Statistics and Data Analysis for Financial Engineering,Mathematics and Statistics,doi.org/10.1007/978-1-4939-2614-5,https://link.springer.com/content/pdf/10.1007%2F978-1-4939-2614-5
Differential Equations and Their Applications,Mathematics and Statistics,doi.org/10.1007/978-1-4612-4360-1,https://link.springer.com/content/pdf/10.1007%2F978-1-4612-4360-1
Partial Differential Equations,Mathematics and Statistics,doi.org/10.1007/978-1-4614-4809-9,https://link.springer.com/content/pdf/10.1007%2F978-1-4614-4809-9
Bayesian and Frequentist Regression Methods,Mathematics and Statistics,doi.org/10.1007/978-1-4419-0925-1,https://link.springer.com/content/pdf/10.1007%2F978-1-4419-0925-1
Introduction to Time Series and Forecasting,Mathematics and Statistics,doi.org/10.1007/978-3-319-29854-2,https://link.springer.com/content/pdf/10.1007%2F978-3-319-29854-2
Introduction to Smooth Manifolds,Mathematics and Statistics,doi.org/10.1007/978-1-4419-9982-5,https://link.springer.com/content/pdf/10.1007%2F978-1-4419-9982-5
Multivariate Calculus and Geometry,Mathematics and Statistics,doi.org/10.1007/978-1-4471-6419-7,https://link.springer.com/content/pdf/10.1007%2F978-1-4471-6419-7
Representation Theory,Mathematics and Statistics,doi.org/10.1007/978-1-4612-0979-9,https://link.springer.com/content/pdf/10.1007%2F978-1-4612-0979-9
Linear Algebra Done Right,Mathematics and Statistics,doi.org/10.1007/978-3-319-11080-6,https://link.springer.com/content/pdf/10.1007%2F978-3-319-11080-6
Linear Algebra,Mathematics and Statistics,doi.org/10.1007/978-3-319-24346-7,https://link.springer.com/content/pdf/10.1007%2F978-3-319-24346-7
Algebra,Mathematics and Statistics,doi.org/10.1007/978-1-4613-0041-0,https://link.springer.com/content/pdf/10.1007%2F978-1-4613-0041-0
Understanding Analysis,Mathematics and Statistics,doi.org/10.1007/978-1-4939-2712-8,https://link.springer.com/content/pdf/10.1007%2F978-1-4939-2712-8
Ordinary Differential Equations,Mathematics and Statistics,doi.org/10.1007/978-1-4614-3618-8,https://link.springer.com/content/pdf/10.1007%2F978-1-4614-3618-8
Understanding Statistics Using R,Mathematics and Statistics,doi.org/10.1007/978-1-4614-6227-9,https://link.springer.com/content/pdf/10.1007%2F978-1-4614-6227-9
Survival Analysis,Mathematics and Statistics,doi.org/10.1007/978-1-4419-6646-9,https://link.springer.com/content/pdf/10.1007%2F978-1-4419-6646-9
An Introduction to Statistical Learning,Mathematics and Statistics,doi.org/10.1007/978-1-4614-7138-7,https://link.springer.com/content/pdf/10.1007%2F978-1-4614-7138-7
Statistical Learning from a Regression Perspective,Mathematics and Statistics,doi.org/10.1007/978-3-319-44048-4,https://link.springer.com/content/pdf/10.1007%2F978-3-319-44048-4
Applied Partial Differential Equations,Mathematics and Statistics,doi.org/10.1007/978-3-319-12493-3,https://link.springer.com/content/pdf/10.1007%2F978-3-319-12493-3
Regression Modeling Strategies,Mathematics and Statistics,doi.org/10.1007/978-3-319-19425-7,https://link.springer.com/content/pdf/10.1007%2F978-3-319-19425-7
Applied Quantitative Finance,Mathematics and Statistics,doi.org/10.1007/978-3-662-54486-0,https://link.springer.com/content/pdf/10.1007%2F978-3-662-54486-0
A Modern Introduction to Probability and Statistics,Mathematics and Statistics,doi.org/10.1007/1-84628-168-7,https://link.springer.com/content/pdf/10.1007%2F1-84628-168-7
Complex Analysis,Mathematics and Statistics,doi.org/10.1007/978-1-4419-7288-0,https://link.springer.com/content/pdf/10.1007%2F978-1-4419-7288-0
Calculus With Applications,Mathematics and Statistics,doi.org/10.1007/978-1-4614-7946-8,https://link.springer.com/content/pdf/10.1007%2F978-1-4614-7946-8
Fundamentals of Clinical Trials,Mathematics and Statistics,doi.org/10.1007/978-3-319-18539-2,https://link.springer.com/content/pdf/10.1007%2F978-3-319-18539-2
Applied Predictive Modeling,Mathematics and Statistics,doi.org/10.1007/978-1-4614-6849-3,https://link.springer.com/content/pdf/10.1007%2F978-1-4614-6849-3
Real Analysis,Mathematics and Statistics,doi.org/10.1007/978-1-4939-2766-1,https://link.springer.com/content/pdf/10.1007%2F978-1-4939-2766-1
Probability Theory,Mathematics and Statistics,doi.org/10.1007/978-1-4471-5361-0,https://link.springer.com/content/pdf/10.1007%2F978-1-4471-5361-0
Bayesian Essentials with R,Mathematics and Statistics,doi.org/10.1007/978-1-4614-8687-9,https://link.springer.com/content/pdf/10.1007%2F978-1-4614-8687-9
Abstract Algebra,Mathematics and Statistics,doi.org/10.1007/978-3-319-77649-1,https://link.springer.com/content/pdf/10.1007%2F978-3-319-77649-1
Applied Linear Algebra,Mathematics and Statistics,doi.org/10.1007/978-3-319-91041-3,https://link.springer.com/content/pdf/10.1007%2F978-3-319-91041-3
Proofs from THE BOOK,Mathematics and Statistics,doi.org/10.1007/978-3-662-57265-8,https://link.springer.com/content/pdf/10.1007%2F978-3-662-57265-8
A Pythagorean Introduction to Number Theory,Mathematics and Statistics,doi.org/10.1007/978-3-030-02604-2,https://link.springer.com/content/pdf/10.1007%2F978-3-030-02604-2
Primer on the Rheumatic Diseases,Medicine,doi.org/10.1007/978-0-387-68566-3,https://link.springer.com/content/pdf/10.1007%2F978-0-387-68566-3
Evidence-Based Critical Care,Medicine,doi.org/10.1007/978-3-319-43341-7,https://link.springer.com/content/pdf/10.1007%2F978-3-319-43341-7
Biomedical Informatics,Medicine,doi.org/10.1007/978-1-4471-4474-8,https://link.springer.com/content/pdf/10.1007%2F978-1-4471-4474-8
Cardiovascular Biomechanics,Medicine,doi.org/10.1007/978-3-319-46407-7,https://link.springer.com/content/pdf/10.1007%2F978-3-319-46407-7
Evolutionary Thinking in Medicine,Medicine,doi.org/10.1007/978-3-319-29716-3,https://link.springer.com/content/pdf/10.1007%2F978-3-319-29716-3
The ASCRS Textbook of Colon and Rectal Surgery,Medicine,doi.org/10.1007/978-3-319-25970-3,https://link.springer.com/content/pdf/10.1007%2F978-3-319-25970-3
Breast Cancer,Medicine,doi.org/10.1007/978-3-319-48848-6,https://link.springer.com/content/pdf/10.1007%2F978-3-319-48848-6
Spine Surgery,Medicine,doi.org/10.1007/978-3-319-98875-7,https://link.springer.com/content/pdf/10.1007%2F978-3-319-98875-7
Essential Astrophysics,Physics and Astronomy,doi.org/10.1007/978-3-642-35963-7,https://link.springer.com/content/pdf/10.1007%2F978-3-642-35963-7
Data Analysis,Physics and Astronomy,doi.org/10.1007/978-3-319-03762-2,https://link.springer.com/content/pdf/10.1007%2F978-3-319-03762-2
Mechanics and Thermodynamics,Physics and Astronomy,doi.org/10.1007/978-3-319-27877-3,https://link.springer.com/content/pdf/10.1007%2F978-3-319-27877-3
Particles and Nuclei,Physics and Astronomy,doi.org/10.1007/978-3-662-46321-5,https://link.springer.com/content/pdf/10.1007%2F978-3-662-46321-5
Cosmology for the Curious,Physics and Astronomy,doi.org/10.1007/978-3-319-57040-2,https://link.springer.com/content/pdf/10.1007%2F978-3-319-57040-2
Principles of Physics,Physics and Astronomy,doi.org/10.1007/978-3-642-23026-4,https://link.springer.com/content/pdf/10.1007%2F978-3-642-23026-4
Extragalactic Astronomy and Cosmology,Physics and Astronomy,doi.org/10.1007/978-3-642-54083-7,https://link.springer.com/content/pdf/10.1007%2F978-3-642-54083-7
Computational Physics,Physics and Astronomy,doi.org/10.1007/978-3-319-61088-7,https://link.springer.com/content/pdf/10.1007%2F978-3-319-61088-7
Intermediate Physics for Medicine and Biology,Physics and Astronomy,doi.org/10.1007/978-3-319-12682-1,https://link.springer.com/content/pdf/10.1007%2F978-3-319-12682-1
Fundamental Astronomy,Physics and Astronomy,doi.org/10.1007/978-3-662-53045-0,https://link.springer.com/content/pdf/10.1007%2F978-3-662-53045-0
Elementary Mechanics Using Python,Physics and Astronomy,doi.org/10.1007/978-3-319-19596-4,https://link.springer.com/content/pdf/10.1007%2F978-3-319-19596-4
Introduction to Plasma Physics and Controlled Fusion,Physics and Astronomy,doi.org/10.1007/978-3-319-22309-4,https://link.springer.com/content/pdf/10.1007%2F978-3-319-22309-4
Fluid Dynamics,Physics and Astronomy,doi.org/10.1007/978-3-319-09351-2,https://link.springer.com/content/pdf/10.1007%2F978-3-319-09351-2
Basic Concepts in Computational Physics,Physics and Astronomy,doi.org/10.1007/978-3-319-27265-8,https://link.springer.com/content/pdf/10.1007%2F978-3-319-27265-8
Mathematical Physics,Physics and Astronomy,doi.org/10.1007/978-3-319-01195-0,https://link.springer.com/content/pdf/10.1007%2F978-3-319-01195-0
Statistics and Analysis of Scientific Data,Physics and Astronomy,doi.org/10.1007/978-1-4939-6572-4,https://link.springer.com/content/pdf/10.1007%2F978-1-4939-6572-4
Stellar Structure and Evolution,Physics and Astronomy,doi.org/10.1007/978-3-642-30304-3,https://link.springer.com/content/pdf/10.1007%2F978-3-642-30304-3
Computational Physics,Physics and Astronomy,doi.org/10.1007/978-3-319-00401-3,https://link.springer.com/content/pdf/10.1007%2F978-3-319-00401-3
Quantum Mechanics,Physics and Astronomy,doi.org/10.1007/978-3-642-20556-9,https://link.springer.com/content/pdf/10.1007%2F978-3-642-20556-9
Electricity and Magnetism,Physics and Astronomy,doi.org/10.1007/978-4-431-54526-2,https://link.springer.com/content/pdf/10.1007%2F978-4-431-54526-2
Foundations of Quantum Mechanics,Physics and Astronomy,doi.org/10.1007/978-3-319-65867-4,https://link.springer.com/content/pdf/10.1007%2F978-3-319-65867-4
Introduction to Mathematica®️ for Physicists,Physics and Astronomy,doi.org/10.1007/978-3-319-00894-3,https://link.springer.com/content/pdf/10.1007%2F978-3-319-00894-3
Principles of Astrophysics,Physics and Astronomy,doi.org/10.1007/978-1-4614-9236-8,https://link.springer.com/content/pdf/10.1007%2F978-1-4614-9236-8
Principles of Musical Acoustics,Physics and Astronomy,doi.org/10.1007/978-1-4614-6786-1,https://link.springer.com/content/pdf/10.1007%2F978-1-4614-6786-1
Basics of Laser Physics,Physics and Astronomy,doi.org/10.1007/978-3-319-50651-7,https://link.springer.com/content/pdf/10.1007%2F978-3-319-50651-7
Solid-State Physics,Physics and Astronomy,doi.org/10.1007/978-3-540-93804-0,https://link.springer.com/content/pdf/10.1007%2F978-3-540-93804-0
Principles of Quantum Mechanics,Physics and Astronomy,doi.org/10.1007/978-1-4757-0576-8,https://link.springer.com/content/pdf/10.1007%2F978-1-4757-0576-8
Group Theory,Physics and Astronomy,doi.org/10.1007/978-3-540-32899-5,https://link.springer.com/content/pdf/10.1007%2F978-3-540-32899-5
Elementary Mechanics Using Matlab,Physics and Astronomy,doi.org/10.1007/978-3-319-19587-2,https://link.springer.com/content/pdf/10.1007%2F978-3-319-19587-2
The Physics of Semiconductors,Physics and Astronomy,doi.org/10.1007/978-3-319-23880-7,https://link.springer.com/content/pdf/10.1007%2F978-3-319-23880-7
Quantum Mechanics,Physics and Astronomy,doi.org/10.1007/978-1-4612-1272-0,https://link.springer.com/content/pdf/10.1007%2F978-1-4612-1272-0
Transmission Electron Microscopy,Physics and Astronomy,doi.org/10.1007/978-1-4757-2519-3,https://link.springer.com/content/pdf/10.1007%2F978-1-4757-2519-3
Advanced Quantum Mechanics,Physics and Astronomy,doi.org/10.1007/978-3-319-25675-7,https://link.springer.com/content/pdf/10.1007%2F978-3-319-25675-7
Physics from Symmetry,Physics and Astronomy,doi.org/10.1007/978-3-319-66631-0,https://link.springer.com/content/pdf/10.1007%2F978-3-319-66631-0
Problems in Classical Electromagnetism,Physics and Astronomy,doi.org/10.1007/978-3-319-63133-2,https://link.springer.com/content/pdf/10.1007%2F978-3-319-63133-2
Introductory Quantum Mechanics,Physics and Astronomy,doi.org/10.1007/978-3-319-68598-4,https://link.springer.com/content/pdf/10.1007%2F978-3-319-68598-4
Linear Algebra and Analytic Geometry for Physical Sciences,Physics and Astronomy,doi.org/10.1007/978-3-319-78361-1,https://link.springer.com/content/pdf/10.1007%2F978-3-319-78361-1
Introduction to General Relativity,Physics and Astronomy,doi.org/10.1007/978-981-13-1090-4,https://link.springer.com/content/pdf/10.1007%2F978-981-13-1090-4
Introduction to Particle and Astroparticle Physics,Physics and Astronomy,doi.org/10.1007/978-3-319-78181-5,https://link.springer.com/content/pdf/10.1007%2F978-3-319-78181-5
A First Introduction to Quantum Physics,Physics and Astronomy,doi.org/10.1007/978-3-319-92207-2,https://link.springer.com/content/pdf/10.1007%2F978-3-319-92207-2
Physics of Oscillations and Waves,Physics and Astronomy,doi.org/10.1007/978-3-319-72314-3,https://link.springer.com/content/pdf/10.1007%2F978-3-319-72314-3
Quantum Mechanics for Pedestrians 1,Physics and Astronomy,doi.org/10.1007/978-3-030-00464-4,https://link.springer.com/content/pdf/10.1007%2F978-3-030-00464-4
Quantum Mechanics for Pedestrians 2,Physics and Astronomy,doi.org/10.1007/978-3-030-00467-5,https://link.springer.com/content/pdf/10.1007%2F978-3-030-00467-5
Philosophy of Science for Scientists,Religion and Philosophy,doi.org/10.1007/978-3-319-26551-3,https://link.springer.com/content/pdf/10.1007%2F978-3-319-26551-3
Readings in Formal Epistemology,Religion and Philosophy,doi.org/10.1007/978-3-319-20451-2,https://link.springer.com/content/pdf/10.1007%2F978-3-319-20451-2
The Nature of Scientific Knowledge,Religion and Philosophy,doi.org/10.1007/978-3-319-33405-9,https://link.springer.com/content/pdf/10.1007%2F978-3-319-33405-9
Communication and Bioethics at the End of Life,Religion and Philosophy,doi.org/10.1007/978-3-319-70920-8,https://link.springer.com/content/pdf/10.1007%2F978-3-319-70920-8
Philosophy of Race,Religion and Philosophy,doi.org/10.1007/978-3-319-78729-9,https://link.springer.com/content/pdf/10.1007%2F978-3-319-78729-9
Business Ethics - A Philosophical and Behavioral Approach,Religion and Philosophy,doi.org/10.1007/978-3-319-91575-3,https://link.springer.com/content/pdf/10.1007%2F978-3-319-91575-3
Argumentation Theory: A Pragma-Dialectical Perspective,Religion and Philosophy,doi.org/10.1007/978-3-319-95381-6,https://link.springer.com/content/pdf/10.1007%2F978-3-319-95381-6
Mathematical Logic,Religion and Philosophy,doi.org/10.1007/978-3-319-97298-5,https://link.springer.com/content/pdf/10.1007%2F978-3-319-97298-5
Introduction to Formal Philosophy,Religion and Philosophy,doi.org/10.1007/978-3-319-77434-3,https://link.springer.com/content/pdf/10.1007%2F978-3-319-77434-3
Philosophical and Mathematical Logic,Religion and Philosophy,doi.org/10.1007/978-3-030-03255-5,https://link.springer.com/content/pdf/10.1007%2F978-3-030-03255-5
Applied Behavior Analysis,Science and Psychology,doi.org/10.1007/978-3-319-44794-0,https://link.springer.com/content/pdf/10.1007%2F978-3-319-44794-0
Handbook of LGBT Elders,Social Sciences,doi.org/10.1007/978-3-319-03623-6,https://link.springer.com/content/pdf/10.1007%2F978-3-319-03623-6
Disability and Vocational Rehabilitation in Rural Settings,Social Sciences,doi.org/10.1007/978-3-319-64786-9,https://link.springer.com/content/pdf/10.1007%2F978-3-319-64786-9
Political Social Work,Social Sciences,doi.org/10.1007/978-3-319-68588-5,https://link.springer.com/content/pdf/10.1007%2F978-3-319-68588-5
"Concepts, Methods and Practical Applications in Applied Demography",Social Sciences,doi.org/10.1007/978-3-319-65439-3,https://link.springer.com/content/pdf/10.1007%2F978-3-319-65439-3
An Introduction to Zooarchaeology,Social Sciences,doi.org/10.1007/978-3-319-65682-3,https://link.springer.com/content/pdf/10.1007%2F978-3-319-65682-3
Quantitative Methods for the Social Sciences,Social Sciences,doi.org/10.1007/978-3-319-99118-4,https://link.springer.com/content/pdf/10.1007%2F978-3-319-99118-4
Social Justice Theory and Practice for Social Work,Social Sciences,doi.org/10.1007/978-981-13-3621-8,https://link.springer.com/content/pdf/10.1007%2F978-981-13-3621-8
Analyzing Qualitative Data with MAXQDA,Social Sciences,doi.org/10.1007/978-3-030-15671-8,https://link.springer.com/content/pdf/10.1007%2F978-3-030-15671-8
Handbook of Evolutionary Research in Archaeology,Social Sciences,doi.org/10.1007/978-3-030-11117-5,https://link.springer.com/content/pdf/10.1007%2F978-3-030-11117-5
